{
  "project_info": {
    "project_number": "731368175146",
    "project_id": "cheney-25352",
    "storage_bucket": "cheney-25352.appspot.com"
  },
  "client": [
    {
      "client_info": {
        "mobilesdk_app_id": "1:731368175146:android:f1b11a4dc18f291a73f553",
        "android_client_info": {
          "package_name": "com.example.chesney_india"
        }
      },
      "oauth_client": [
        {
          "client_id": "731368175146-rhhao6fksmbtdp7m7g6394j86pi9r9ld.apps.googleusercontent.com",
          "client_type": 3
        }
      ],
      "api_key": [
        {
          "current_key": "AIzaSyA3BUBjk6DaB8xETUp8DxxxuCbJMvdr1lo"
        }
      ],
      "services": {
        "appinvite_service": {
          "other_platform_oauth_client": [
            {
              "client_id": "731368175146-rhhao6fksmbtdp7m7g6394j86pi9r9ld.apps.googleusercontent.com",
              "client_type": 3
            }
          ]
        }
      }
    }
  ],
  "configuration_version": "1"
}